SHIPPER ACCOUNT NUMBER,SHIPPER ACCOUNT NAME,SHIPPER COMPANY NAME,SHIPPER ADDRESS,SHIPPER CONTACT PERSON,SHIPPER CONTACT NUMBER
,ECI TELECOM,ECI TELECOM,"Unit 2707 Antel 2000 Bldg. 121 Valero Street, Salcedo Village, Makati City",Ms.Marie,845-2333 loc. 817 ACC. 805 /825EVERY hazel THURDSAY
,ELTM DELIVERY EXPRESS,ELTM DELIVERY EXPRESS,"11 unit 2 Castilla Street,barangay valencia Quezon city. Landmark near gilmore heights and one cast",None,638-4224
,Elvie Magpayo c/o Museum Foundation,Elvie Magpayo c/o Museum Foundation,"2357 Kalayaan St., Sta. Ana, Manila/",Elvie Magpayo,0
,EMBASSY OF THE RUSSIAN FEDERATION,EMBASSY OF THE RUSSIAN FEDERATION,"1245 ACASIA ROAD, DASMARINAS VILLAGE MAKATI CITY",Demetrie Larion,893-0190 collection:810-9581
,Emirates Airline,Emirates Airline,"18th Floor Pacific Star Building Makati Ave. cor Gil Puyat, Makati City",Ms. Pam,858-5350 Local 801 Ms.Pam/858-5300
,EMPIRE EAST,EMPIRE EAST,"24/F The World Center 330 Sen Gil Puyat Ave., Makati City",Ms.Jesia,None
,EnfraUSA,EnfraUSA,14/F Orient Square Bldg. Ortigas Center Pasig City,Ms.Ashley,9140785 TO 86 NEW CONTACT NUMBER 914-9997 JARED SOBERANO
,Enlightened Enterprise,Enlightened Enterprise,Ground floor Room 39 South Star Plaza South Superhighway Bangkal Makati City,Ms.Reggie,892-9685/ reggie
,"ERICSSON TELECOMMUNICATIONS, INC.","ERICSSON TELECOMMUNICATIONS, INC.","21st Flr., Net2 Bldg., 32nd Ave. cor 28th St., Cresent Park West BGC, Taguig City, 1634",None,789-1800
,ESCO PHILS.INC.,ESCO PHILS.INC.,R7 Ground Floor Tower B Two-E Com Center Bayshore Avenue Mall of Asia Pasay City,Tess De Guzman,828-1527/actg 504-3271
,ESETEK EQUIPMENT PHILS. INC (formerly Schmidt),ESETEK EQUIPMENT PHILS. INC (formerly Schmidt),"Unit 508 Alpap II Bldg., Madrigal Business Park Alabang, Muntinlupa City",Jyrah Ganza,772-2301 collection: 403-2740
,Essliv Corp.,Essliv Corp.,Unit 501 Cattleya Bldg. 235 Salcedo St. Legapi Village Makati City,Ms. Irene,555-1087 /623-0864 ACTIVE
,EURO ASIA MERCHANDISING,EURO ASIA MERCHANDISING,"1695 Auro Vir Bldg. Evangelista Makati City, Makati City, Makati, 1200 Metro Manila",Sir Ryan,400-79-89
,Executive Optical,Executive Optical,"Cedar Bldg. 26 Timog Ave. cor. Scout Tobias, Quezon City",Omar Salandanan,372-6626228/09437014711
,Exist Corporation,Exist Corporation,"Address: Unit 6 2nd Floor Magnitude Building 2, #186 E.Rodriguez Jr. Avenue Bagumbayan, Quezon City,",Mr.Popoy,09778251235/4774913
,Expedia Solution Specialist Incorporated,Expedia Solution Specialist Incorporated,"Room 233 and 235, Citiland Pasong Tamo, 6364, Chino Roces Avenue, Makati, 1200 Metro Manil",Jonathan Sta.Ana,0906-6255722/LANDLINE750 5168
,Extraordinary Group of Companies c/o Earth and Style,Extraordinary Group of Companies c/o Earth and Style,"41/F Joy Nostalg Center,# 17 ADB Avenue Pasig City",Ms.Mae,638-3737 to 41 loc 800
,FAIR BRIGHT,FAIR BRIGHT,"G/F ALFARO BLDG., LG29 LEVISTE ST., SALCEDO VILLAGE, MAKATI CITY",Ms.Almera,892-3671/ 812-2765/ 815-9331
,Falcon Water Free Phils. Inc.,Falcon Water Free Phils. Inc.,"G/F Unique Plaza Bldg., 56 Sierra Madre St., Highway Hills, Mandaluyong City",Ms. Joy,477-6036
,"Far East Broadcasting Company, Phils.","Far East Broadcasting Company, Phils.","34/F Antel Global Corporate Center Julia Vargas Avenue, Ortigas Center, Pasig",Ellen Fernandez,5704345
,FILA Philippines,FILA Philippines,21 Floor 139 Corporate Bldg. Valero St Salcedo Village Makati City,Naren Soledad,801-6423/EVERY FRIDAY
,Fil-HR Manpower Agency,Fil-HR Manpower Agency,1251 David Salon Bldg. Cardonia St.J.P.Rizal Ave. makati City,None,511-9994/898-1818
,FILIPINA CLIMATE SOLUTION INC,FILIPINA CLIMATE SOLUTION INC,JMP Bldg. Jose Cruz st. Bo. Ugong Pasig City/ OUTSIDE,Sir Fred,671-2781 /671-7476/ 672-3697 loc. 323/MS ANA MAY COLLECTION
,FILIPINO HERITAGE FESTIVAL,FILIPINO HERITAGE FESTIVAL,Filipino Heritage Festival Inc. G/F Museum of the Filipino People Valencia Circle Luneta Manila,Mai Bautista,523-96-92
,FILSCAP,FILSCAP,No. 140 Scout Rallos Street Brgy. Sacred Heart Quezon City/ SOUTH,Ms.Maan,415-6277
,FIL-STAR MARITIME CORPORATION,FIL-STAR MARITIME CORPORATION,"Sankoline Bldg.,1631 San Marcelino Malate Manila/ SOUTH",Arliza,523-5659
,First Advance devt Corp. c/o Earth,First Advance devt Corp. c/o Earth,"Ciudad Nuevo, Timalan Naic, Cavite c/o Earth",Imelda Inacay,854-3734 follow up 852-32-14 loc 403 ms Elsie/COLLECTION 852*32*02 LOC 4232-LOOK ENAH MORENA ACCTMG
,FIRST OPTION ELECTRONICS SYSTEM PHILS. INC.,FIRST OPTION ELECTRONICS SYSTEM PHILS. INC.,"No. 3 2nd Street., Dona Juliana II Subdivision Brgy Sta Lucia Ortigas Exit. Pasig City",Ms. Sol or Ms. Saira,501-4970/950-7545
,Five Lakes Consulting Services Inc.,Five Lakes Consulting Services Inc.,"Rm203 Pacific Center Bldg.,San Miguel Ave.Ortigas Center Pasig/ INSIDE-SOUTH",Shura Ortiz,477-6704
,FLG MANAGEMENT AND DEVELOPMENT CORP,FLG MANAGEMENT AND DEVELOPMENT CORP,"515 BUENDIA AVE., NORTH FORBES, MAKATI CITY",Felipe Gozon,NONE
,FLUID SOLUTIONS INCOPORATED,FLUID SOLUTIONS INCOPORATED,Unit 812 AIC Burgundy Empire Tower ADB Avenue Cor Saphire And Garnet Road Ortigas Pasig City ,Sander Holgado,0917-8949156/0917-8949159/696-7120
,Forevergreen Marketing Corp.,Forevergreen Marketing Corp.,"Unit 1103 11th Floor AIC Burgundy Tower ADB Ave cor Gernette Road Ortigas Ctr, Pasig/ INSIDE-NORTH",Jedidiah De Jesus,0929-7703972/ 5847949
,Foundation For Enterprise Management Innovation (FEMI),Foundation For Enterprise Management Innovation (FEMI),No.29 A Magat Salamat St. Proj.4 Quezon City,Mevilin Rocina,911-1019
,Foxlane Logistics Corp.,Foxlane Logistics Corp.,"Room 610-B Pacific Center Building # 460 Quintin Paredes Street Corner Sabino Padilla Street, Binond",None,241-8270/557-7106/579-0243-vivian
,Fuelco Ventures Inc.,Fuelco Ventures Inc.,"3F Avant Building,No.48 Jupiter Street Bel Air Makati City(back of Herbalife",Joe Guerrero,New-8133008
,"Fuji Oil ( Philippines),Inc.","Fuji Oil ( Philippines),Inc.",16/F Oledan Square Bldg.6788 Ayala Avenue Makati City/ LEGASPI,Franco,478-5778-81
,FUJITSU PHILS INC,FUJITSU PHILS INC,"Ground Floor, United Life Building, Arnaiz St., Legaspi Village, Makati City",Ms. Bless Borromeo,"thur. follow-up: 870-34-00 LOC. 517, 841-8488 FOR COLLECTIONS MAIN"
,FUJIXEROX PHIL.,FUJIXEROX PHIL.,"2F AAI Worldwide Logistics KM 20 Villongco Corner West Service Road, Brgy Sucat, Muntinlupa City",Alvin Isidro,5197519-Collection
,G888,G888,"1349 Rizal Avenue, Sta Cruz, Manila( near Bambang LRT)/ NORTH",Gene Francis Khu Jr.,710-2410-09178144343/francis
,GA Jaocson & Company,GA Jaocson & Company,"7/F Cityland #807 Shaw Blvd Tower, Mandaluyong City",None,6315115
,GAC PHILIPPINES INC.,GAC PHILIPPINES INC.,7th Floor F& M Lopez Bldg.II 109 Palanca St. Legaspi Village Makati City,Brian Aquino,Trunk: +632 8922713 loc. 239 | Fax: +632 812 0544/ +63 812 1613 | Mobile: +63 918 8922719
,GALOC PRODUCTION COMPANY,GALOC PRODUCTION COMPANY,4th Flr. Zaragoza Bldg. 102 Gamboa St. Legaspi Village Makati,,COLLECTION: 773-2700/Follow Up Tue and thur.
,Gaylan Technologies,Gaylan Technologies,"15 VCGT Complex, Amang Rodriguez avenue, Manggahan Pasig City",Jaypee Gutierrez,915-8725 -27
,Geenger Communication,Geenger Communication,Unit 404 4/F METROSTAR BLDG. METROPOLITAN AVE BRGY STA.CRUZ MAKATI,Sir.Jeffrey,728 01 12
,GENSERVE INTL. INC,GENSERVE INTL. INC,"Unit 302 Global Tower Gen.Mascardo St.,cor. M.Reyes St. Bangkal Makati City",Ms.Ivy,"887-81-37, 8452818"
,Gets International,Gets International,"#953-A G. Apacible St., Ermita, Manila",Geoffrey Chung,New No. 310-2118- 0917-5533971- (Collection:310-2118 Loc. 102)-19/3100120
,GETZ PHARMA(PHILS.) INC,GETZ PHARMA(PHILS.) INC,"new add: 2/F Tower 1 Building Rockwell Business Center, Ortigas Ave. pasig(in between Meralco and Me",Fred Udtohan,new661-4723(02) 638-6540 to 44 (loc 143 acctng.) NEW TRUNKLINE 661-47-23 loc 6047
,Gigi Azarcon,Gigi Azarcon,Unit 619 Peridot Bldg. Verawood Residences Acacia States Taguig City,Gigi Azarcon,09999977499/8977269/866-5799
,GLOBAL CRITICARE INC.,GLOBAL CRITICARE INC.,29/F Antel Global Corp. Ctr. D.J. Vargas Ortigas Pasig City,Vhan Alvarez,687-7888 loc. 752 loc. 773 for finance
,GLOBAL MARITIME,GLOBAL MARITIME,NO. 14 GLOBAL BUILDING BATASAN HILLS QUEZON CITY,None,112222
,Global Marketing,Global Marketing,"Suite 621 6/F Heliconia tower , Tivoli Gardens 69 Colorado street Hulo 1550 Mandaluyong City",Boris Booroff,916-7565 local 8042
,Global Medical Solutions Incorporated,Global Medical Solutions Incorporated,"3rd Floor RTS Building 14 Economia Street., Bagumbayan Quezon City",Jesica Valencia,633-2051 to 53 Local 117/0917-8103874
,Global Medical Technologies,Global Medical Technologies,708F Aurora Blvd. Quezon City 1112,Manny drueco,985-2302/ 0917 845 83 44
,GLOWATENG CORPORATION,GLOWATENG CORPORATION,"6/F Richville Corporate Center, Commerce Ave. Extension,MBP, Alabang, Muntinlupa City",Melba Fernando,809-5073
,Go Fit & Glow,Go Fit & Glow,G/F RFC Mall Zapote Rd. Las Piñas City,Leri Yparraguirre,none
,GO88 VENTURES INC.,GO88 VENTURES INC.,UNIT 2006 ROBINSONS EQUITABLE TOWER ADB ORTIGAS CTR. PASIG CITY/ INSIDE-NORTH,Mary Joyce Juan,09067722807/535-5204
,GODO PHILIPPINES INC.,GODO PHILIPPINES INC.,Room 6A Westgate Tower Madrigal Business Park Ayala Alabang Muntinlupa City,Lily Iyaya,842-6842
,Golden Dragon Metal Products,Golden Dragon Metal Products,285 J. Rizal St. Mandaluyong City,Jansen Gardose,531-8471 / 5318204
,Goldenrey Direct Marketing (Times Magazine),Goldenrey Direct Marketing (Times Magazine),"1005 10f Cityland 10 Tower 2 HV Dela Costa St,. Salcedo Village Makati City",Rey Ignes,403-5030/553-2023/ 840-0759
,GOPRO Philippines Ltd.-Philippine Branch,GOPRO Philippines Ltd.-Philippine Branch,9/F NET SQAURE BLDG.3RD AVE.COR.2881 BGC taguig/ INSIDE,None,667-0518
,Great Leap Training and Consultancy Service,Great Leap Training and Consultancy Service,"Unit 302 PBB Corp.Center 3F,Finance Ave. MBP, Muntinlupa City",Sally,850-9825/ fax 850-6864
,GREAT MINDS INTEGRATED CONSULTANCY,GREAT MINDS INTEGRATED CONSULTANCY,"Unit 713 7th Flr. Pioneer Highlands, North Podium Pioneer Corporate Ctr. Pioneer St., Mandaluyong City",Lajemir Joseph Siman,477-7533 / 468-9004 Mobile:+639778451216/ FFUP 942-2232 MS GRACE/ACCTG
,GREPCOR,GREPCOR,14 3rd Street New Manila Quezon City,Michelle,410-76-46
,Groovin Tags,Groovin Tags,No. 7 Eleven Jamboree cor. Scout Fuentebella Sacred Heart Quezon City,Nerizza,411-7341/3822310 (373-0445)
,Groupon Philippines,Groupon Philippines,2241 Chino Roces Ave. 1D La Fuerza Plaza Makati City,Karla Calinawan,6236313
,Gryffon Courier,Gryffon Courier,1060 Tomas Mapua st. cor Fugoso st. sta. Cruz Manila,Eugene Torres,9162308007
,GURANGO SOFTWARE CORP.,GURANGO SOFTWARE CORP.,"2/F Topys Bldg., Industria cor. Ecomiya St., Bagumbayan, Libis, Quezon City/ EAST",Cherry,637-0928 (THUR AFT.) 103/GRACE
,HALCHEM INDUSTRIAL SALES INC,HALCHEM INDUSTRIAL SALES INC,#107 Edison AVe. Luis Marquez St. Merville Paranaque,Ms.Rose,776 1956 / 823-0427
,HANKOOK AIR SERVICES,HANKOOK AIR SERVICES,"Unit 101 Ledemaine Condo 104 Tordesillas St.,Salcedo Village Makati City",Jane,8174433/ 817-5344
,Happyhead ,Happyhead ,#1852 Asuncion St.Brgy. Valenzuela Santiago Village Reposo Makati City,Cris/Olive,899-3226 (TH-FOLLOW UP)
,HAPPYHEAD- Warehouse,HAPPYHEAD- Warehouse,"#3 Felix baez St., (Formerly Daang Hari) Km. 16 East service Road Paranaque City",Mr. Genesis,887-2337
,Harrison Profile,Harrison Profile,Unit 8-I Cacho-Gonzales Bldg. 101 Aguirre St. Legaspi Village Makati City,Jeffrey,8139045
,HERBALIFE PHILIPPINES,HERBALIFE PHILIPPINES,"26/F The Trade & Financial Tower, 7th ave., Corner 32nd St., BGC, Taguig City",None,555-2828
,HERBALIFE-TINA ONG,HERBALIFE-TINA ONG,"New Address: Room 2A #2113 Singalong St., corner San Andres, Manila/ SOUTH",Ham Ortena,515-0550
,HIBA INTERNATIONAL INC,HIBA INTERNATIONAL INC,Room 402 L&S Building 1414 Roxas Blvd. Ermita Manila,Mardy,536-2183
,"HIGER HOLDINGS, INC.","HIGER HOLDINGS, INC.",RM. 404 GREENBELT MANSION 106 PEREA ST LEGASPI VILLAGE SAN LORENZON MAKATI CITY,None,NONE
,HLN PHILIPPINES TRADING,HLN PHILIPPINES TRADING,2/F Skyland Condominium 2302 Sen. Gil Puyat Avenue Makati City,Ms. Tess,0926-7266317/8170712
,Honda Cars Phils,Honda Cars Phils,#1 President Sergio Osmena Highway Magallanes Commercial Center Makati City.,Belle Reynaldo,"902-9314 / 15 FOR COLLECTIONS ALABANG 902-9458 LOOK FOR KYLA, JENNY OR YSA"
,Hotel 101 Management Corporation,Hotel 101 Management Corporation,"10th Floor Tower 1 Double Dragon DD Meridian Plaza, Macapagal Blvd corner EDSA extn. Pasay City.",Mr. Andrew Estrada,0917 775 7530
,H-STAR ENTERPRISES,H-STAR ENTERPRISES,2/F #88 Shaw blvd Brgy. Oranbo Pasig City/ OUTSIDE,Janice,633-9125
,HSY PHARMA CORP,HSY PHARMA CORP,Tandang Sora 37 B.Red St. Apocar Subd.Tandang Sora Quezon/ NORTH,Ms Joy Kuh,930-0575
,HUMAN RESOURCE SOLUTIONS INC. ,HUMAN RESOURCE SOLUTIONS INC. ,9710 Kamagong Street San Antonio Village Makati City/ WEST,Ms. Lee Ydel,899-2527 press 1 for collection
,HWRU(Health Well-being Resource Unlimited),HWRU(Health Well-being Resource Unlimited),Unit 1809 Herrera Tower VA Rufino Cor. Valero St. Salcedo Village Makati City,Sab,840-5326/845-0861
,I-BRIDGE,I-BRIDGE,18F Hanstone Square Bldg.17 San Miguel Ave.Ortias Cente Pasig City,Tony De Guzman,477-0223/4770877
,ICI MINISTRIES,ICI MINISTRIES,2909 Raffles Corp. Center F. Ortigas Jr. Ave. Ortigas Center Pasig CIty,Nimfa,914-9800
,I-Fit,I-Fit,LG 11 CITY AND LAND MEGAPLAZA GARNET ROAD ORTIGAS PASIG/ INSIDE-NORTH,Marife Tanauan,09057391415/Jelly
,Imagenet Phils. Incorporated,Imagenet Phils. Incorporated,14/F Valero Tower Valero St. Salcedo Village Makati City,Caryll,889-8248/09175136048/ NEW: 555-0166
,INDOPHIL SERVICES INTL. PTY.LTD ,INDOPHIL SERVICES INTL. PTY.LTD ,"NEW ADDRESS : 8th Floor, Philcom Bldg. Paseo de Roxas, Makati City",Bambi,7521440
,Infinity Support,Infinity Support,32nd Floor One Corporate Center JUlia Vargas cor. Meralco Ave. Pasig/ INSIDE-SOUTH,Nica Linawag,916-7565 local 8042
,Infra Machiniries,Infra Machiniries,24 Mindanao Avenue Ext. Tandang Sora Quezon City,None,983-4120
,Infratex Environmental Services Inc.,Infratex Environmental Services Inc.,"11/F Asian Star Bldg., Asean Dr., cor. Singapura Lane, Filinvest Corporate City, Alabang,Muntinlupa",Anne Manansala,Phil Gabions
,Inmed Corporation,Inmed Corporation,# 5 Calle Industria Brgy. Bagumbayan Pasig City,Rhea Suniga,571-1888
,I-NOVA,I-NOVA,10/F Netlima Bldg.5th Ave.cor.26th St.East Square Crescent Parkwest Bonifacio Global City Taguig,Anna Barbosa,669-2703 loc 2718
,Inova Pharmaceuticals,Inova Pharmaceuticals,Unit 2802 Penthouse 1 Global Place 26th st. cor 5th Ave. Bonifacio Global City taguig/ INSIDE,ms.ana riza barbosa,737-5100 local 2019/0917621-0855
,INS (IMMIGRATION NETWORK SERVICES,INS (IMMIGRATION NETWORK SERVICES,3rd Floor Vicente Madrigal Bldg. Ayala Avenue Makati City,Rovelyn/devine,891-5686/89 MAM DEVINE 891-59-22
,INTEGREON,INTEGREON,4/F 6750 Ayala Avenue Makati City/EVERY FRIDAY ONLY,Mr. Ronnie Serquina,819-3714
,Integrim,Integrim,11 floor eton cyber pod Centries Quezon City,Ms. Ruby,1
,Inter-Active,Inter-Active,# 16 Armal Compound Gate 1 M. Eusebio ave San Miguel Pasig,Ms. Carol Labrias,9223980376
,Intercen Pharma Inc,Intercen Pharma Inc,Suite 33C Second Flr. Midland Plaza Condominium Adriatico St. Ermita Manila/ SOUTH,Jeobert Bardulla,522-4303 /FOR COL. 522-4303
,International Bulk Com Handling,International Bulk Com Handling,704 Summit 1 Office Towers 530 Shaw Blvd. Mandaluyong City,Lita Dela Cruz,534-4112
,INTERSHADE COMMERCIAL INC.,INTERSHADE COMMERCIAL INC.,"#24 San Pablo St. Brgy. Kapitolyo, Pasig City",Mellie Bangcale,5210888
,INVESTWELL GROUP OF COMPANIES,INVESTWELL GROUP OF COMPANIES,Blk 14.Lot 24 SPDONMI Compd. Lawton Ave. Fort Bonifacio Taguig,Grace Su,836-8883/09178309899
,IOM Philippines,IOM Philippines,24/ F CITIBANK TOWER PASEO DE ROXAS ST. MAKATI CITY,Teresa Tejano,+63 2 230-1999 Ext. 1538/+ 63 927 5570427
,"IRIPPLE, INC.","IRIPPLE, INC.","2305 B. East Tower Phil. Stock Exchange, Exchange Rd.Ortigas Ctr, Origas, Pasig/ INSIDE-SOUTH",Barbi,687-4412 loc 306/ 687-9059 fax
,IVI RYO CORP.,IVI RYO CORP.,186 E Rodriguez Junior Ave. Bagungbayan Quezon City,Ms. Ada,655-8888
,I-ZAPP CEBU CORPORATION,I-ZAPP CEBU CORPORATION,"10th Floor Skyrise 2 Bldg.,IT Park Lahug Cebu City",None,none
,JA Jocson & Company,JA Jocson & Company,Room 710 Cityland Shaw Tower Shaw Blvd. cor Saint Francis Street Mandaluyong City,Grace Jocson,631-5115
,Jackson Pharmaceutical,Jackson Pharmaceutical,"Unit 44,4F Zeta Bldg.Salcedo St. Legaspi Village Makati City",Ms. Annabelle or Dia,519-7680/5055444
,Jacob International Equipment Company,Jacob International Equipment Company,"1267 J. Araneta , Santo Domingo, Quezon City",Kenneth,285-5984
,Jaguar Philippines Inc.,Jaguar Philippines Inc.,32nd Street and 4th Ave. Bonifacio Global City Taguig,Elline Arboleda,8562277
,JAKA INVESTMENTS CORPORATION,JAKA INVESTMENTS CORPORATION,"2111 JAKA CENTER BUILDING, CHINO ROCES AVENUE, PIO DEL PILA MAKATI CITY PH 1231",None,8935531 LOC317/09778231391
,JANASCAPE/ Ms. JANA DIPATUAN,JANASCAPE/ Ms. JANA DIPATUAN,No. 4A Lane 9 Caracas St. Intercity Homs Brgy. Cupang Muntinlupa City,Jana Dipatuan,0916-591-8251
,Jardine Lloyd Thompson Ins. Inc,Jardine Lloyd Thompson Ins. Inc,2nd flr. 111 Paseo De Roxas Bldg. Paseo De Roxas cor. Legaspi St. Legaspi Village Makati City,Jessica Santos,706-8500 /collection:706-8582/ Ms. Chona ROMERO-FFUP OF COLLECTION 706-8500
,JCJ MGT.SERVICES& INTL.PROMOTION,JCJ MGT.SERVICES& INTL.PROMOTION,4/F ROOM 400 FSE Building Bautista Street corner Dayap Street Palanan Makati/ WEST,Arlene,833-9321/550-1142
,JCL International Inc.,JCL International Inc.,"3/F SJG Center, 8463 Kalayaan Ave. corner Don Pedro St. Brgy. Poblacion, Makati City",Denim Sebreros,890 9788 / 89
,JECADES ENTERPRISES,JECADES ENTERPRISES,781- H. Leo Street Brgy.. 569 Zone 66 Sampaloc Manila/North,Carmille Dacles,521-8886/0977196064
,Jeron Travel & Tours,Jeron Travel & Tours,Ground Floor VM Tower 727 Roxas Boulivard Center Airport Road Baclaran Paranaque,Mishelle,854-1813
,Jinteri International Trading,Jinteri International Trading,#73 Brgy. Santo Domingo Simon St. Banawe Quezon CIty,Grace Ang,559-7766
,JNG Dragon Enterprise,JNG Dragon Enterprise,Unit 8 2nd Floor HS Veron Tri-Center Bldg.National Highway Brgy. Tagapo Sta. Rosa Laguna,Jun Espinoza,9505573570
,JS GALAN BUILDERS & TRADING,JS GALAN BUILDERS & TRADING,366 PANAMITAN KAWIT CAVITE,Joselito Galan,484-4594/0922-8980445
,JS UNITRADE MERCHANDISE INC.,JS UNITRADE MERCHANDISE INC.,20/F Marco Polo Hotel Sapphire Rd. Ortigas Center/ INSIDE-NORTH,Jing/ Estrela,916-1111 loc.809/808/828 COLLECTION WEDNESDAY 1-5PM
,July Mahilum,July Mahilum,"Lot 2 Blk 90 Karatig Road,Karangalan Village,Manggahan,Pasig City (Near MHOA)/ OUTSIDE",None,9178987915
,Kabayan Central Network,Kabayan Central Network,7 3rd St. brgy.Kapitolyo Pasig City,Dondon Cunanan,470-8215
,KAI INTERNATIONAL,KAI INTERNATIONAL,"Rm. 408 Dona Feliza Sejuco Bldg., Remedios cor Taft Ave., Malate Manila",Carol,3833057-Carol
,Kajima Philippines. Inc.,Kajima Philippines. Inc.,12 Flr. 6788 Ayala Ave. Makati City,Yukio Saito,632-8866818
,Kartonetwork Logistics Inc,Kartonetwork Logistics Inc,"#56 Sta. Cecillia St., San Antonio Valley 2, Paranaque City",Tess Tapalla,425-6525/ 5141321/7855332/09179810227/8471242
,Key design Inc.,Key design Inc.,"#24 San Pablo St. Brgy. Kapitolyo, Pasig City- OUTSIDE",Sir Freedom,631-9931 / fax -637-8010
,Keyman Insurance Agency,Keyman Insurance Agency,"#Unit1008 Tycoon Center, Pearl Drive, Ortigas Center, Pasig/ INSIDE-SOUTH",Jessica,4701964
,KITROL HOLDINGS INC.,KITROL HOLDINGS INC.,"Phividec Compound, Nabulod Baluarte, Tagoloan, Misamis Oriental",Elvie Ortiz,088-890-4289
,KOSTAT INC. CO.LTD,KOSTAT INC. CO.LTD,New Add: Unit 4 Orient Gold Crest Bldg. 149 East Ave. Phase 6-C Laguna Technopark SEZ Binan Laguna,Winna,0908-8600331/9178526548/ 809-3455 (every 1st week and 2nd of the month)
,Kuehne Nagel c/o San Maco Inc.,Kuehne Nagel c/o San Maco Inc.,5th Flr.Unit 501 Harbor Drive 5 Ecom Center Pacific Drive Extension Mall of Asia Complex Pasay,None,724-4955 / San Maco Inc.-820 4037/705-6100-kuehne
,LABELMEN ENTERPRISES,LABELMEN ENTERPRISES,"57 Shaw Blvd.,Mandaluyong City Landmark infront Tapat ng Jose rizal University Beside PS bank",Marlyn,531-9115-102
,Labmate Pharma Inc.,Labmate Pharma Inc.,"3F Jafer Bldg., 118 West Ave., Quezon City",Ms. Aiya / Mr. jay C,927-3211
,LAMOIYAN CORPORATION,LAMOIYAN CORPORATION,"Km. 15, West Service Road, South Super Hiway, Paranaque City(near Astra Zeneca)",Shirlee Reformado,823-8072 to 79( TREASURY: 104 )loc108 (FRIDAY)
,LAP GLOBAL CONSTRUCTION MANILA,LAP GLOBAL CONSTRUCTION MANILA,9B16 Victoria Tower Panay Avenu Quezon City,Ms. Leny Careng,0917-6241696
,Le Charm Enterprise,Le Charm Enterprise,"#6 Iraq St., Merville Subd., Paranaque City",PJ,819-9006
,LEADWAY CARGO LOGISTICS INC,LEADWAY CARGO LOGISTICS INC,Unit 5 2nd Floor SCG Bldg. Multinational Ave. Multinational Village Paranaque City,Analy Estapia,none
,LEADWELL INTERNATIONAL,LEADWELL INTERNATIONAL,Unit 209 Pacific Century Tower 1472-1476 Quezon Ave.South Triangle Quezon City,Karen,4143819/927-8623
,LEGACY UNLIMITED INC.,LEGACY UNLIMITED INC.,"# 1 Libongco Compound, J.P. Rizal St., Concepcion Marikina City",Catherine Santos,9484876/9416829
,Leon Gallery,Leon Gallery,"Ground Floor Eurovilla 1, Rufino corner Legazpi Street, Legazpi Village, Makati, 1224",Ms. Risa,8562781
,Life Links International Resources Inc.,Life Links International Resources Inc.,2nd Flr. Feron Bldg. 9590 Kamagong cor Bagtikan St. San Antonio Village Makati City,Sandra Pornias,815-0407/LOCAL 2204every friday
,Lifes Harbest Hydroponics,Lifes Harbest Hydroponics,No.2 Ilang Ilang St. Zone 1 Signal Village Taguig City,Jackie Vecino,542-7545/09166937053
,Litekon Buildtek Corporation,Litekon Buildtek Corporation,No.74 Apollo 4 Moonwalk Village Las Pinas,Ms. Cel/Ms.kyla,401-5714 ms.cel/802-2332local 501/8013062 Loc.504 AILEEN/EVERY FRIDAY FOR COLLECTION ONLY
,LIVE IT INVESTMENTS LTD.,LIVE IT INVESTMENTS LTD.,33rd flr. Tower 1 Ayala Triangle Ayala Avenue Makati City 1226,Ms. Ojie Sabado,908-33-58 loc 3352 cecile
,Living Earth Designs,Living Earth Designs,"#15 JASMINE ST, SOUTH GREEN PARK KM 18, Paranaque City",Lyanne Blanco,0917-3291836
,Local Governance Support program (LGSP),Local Governance Support program (LGSP),"25/F DILG-NAPOLCOM Center Edsa corner Quezon Ave, Quezon City",Carol Encinas,914-3708WRONG NUMBERS/0917-897-9193
,Lopez Museum Foundation,Lopez Museum Foundation,G/F Benpres Bldg. Exchange Road cor. Meralco Avenue Pasig City/ INSIDE-SOUTH,Ms. Fanny,631-2417
,Love My Nails Inc.,Love My Nails Inc.,4th Flr 150 GC Corporate Plaza Legaspi St. Legaspi Village Makati City,Tyron/Juliet,940-9592 loc. 217 (Cashier 405) ACCTG 221 every friday collections
,"LOXON PHILIPPINES, INC.","LOXON PHILIPPINES, INC.","324 Capt. Henry P. Javier St. Oranbo, Pasig City",None,470-3909
,LTL CONSULTANT,LTL CONSULTANT,"# 21 Conrado Benitez St., Cubao Quezon City/ SOUTH",Ms. Lalaine,727-6008
,LUCKY CIRCLE CORPORATION,LUCKY CIRCLE CORPORATION,No. 2 Banner St. cor Canley rd. Bagong Ilog Pasig City,None,654-4330/ 9985821173
,LUMINARE PRINTING & PUBLISHING CORP,LUMINARE PRINTING & PUBLISHING CORP,"8333 Dr. A. Santos Avenue, Paranaque City",Malou Dela Cruz,825-7764 / 825-8697-rachel/2383519
,Lunar Chem Trading,Lunar Chem Trading,1732 G. Tuazon St. cor. Vicente Cruz Sampaloc Manila/ NORTH,None,2614238
,Lung Center/PBSP,Lung Center/PBSP,"Rm. 1-F NCPR Bldg., DSM Unit Lung Center of the Philippines Compound Quezon Avenue, Quezon City",Ms. Cely,0918-9912568/924-6101 Loc. 316/921-5877
,MACAU GOVERNMENT TOURIST OFFICE,MACAU GOVERNMENT TOURIST OFFICE,"11th Floor Valero Tower,Valero Street,Salcedo Vill.,Makati City",Ms.Tess,812-2595- Follow Up 813-47-81
,MACCAFERRI (PHILIPPINES) INC,MACCAFERRI (PHILIPPINES) INC,"NEW ADD: 11/F Asian Star Bldg., Asean Dr., cor. Singapura Lane, Filinvest Corporate City, Alabang, Muntinlupa",Leah Dela Cruz,889-0627 (Thur. Aft)
,Macroasia Properties Development Corporation,Macroasia Properties Development Corporation,12/F Allied Bank Center 6754 Ayala Avenue Makati City,Eileen Alcantara-Dazo,840-2001 loc.211
,MACROLITE CORPORATION,MACROLITE CORPORATION,8F Suite 808 W-Tower PSE Bldg. Ortigas Center Pasig City/ SOUTH,Honey Marquez,632-6371488
,MAKATI DEVELOPMENT CORPORATION,MAKATI DEVELOPMENT CORPORATION,"G/F Bonifacio Technology Center 23rd Street Fort Bonifacio, Taguig City",Ysa,0917-5763846
,Manuel Igual Inc.,Manuel Igual Inc.,"Room 309, Natioanl Life Bldg., Ayala Ave., Makati City/ LEGASPI",Brenda,514-3534/812-6945
,Manulife,Manulife,"14 F LKG Tower,Makati City",Sharon,-
,Map House Marketing,Map House Marketing,"1160 Dr. Conception Aguila St., Quapo, Manila(back of National Teacher College)",Melba Cunanan,749-2325/0949-9538811
,Mapfre,Mapfre,Insular Life Building. 3/F Ayala Avenue Makati City,Nikko,902-2800/Acctg. 876-4444
,Margaret Cruz,Margaret Cruz,"225B Col Santos, South Cembo, Makati City",None,9941372
,MARGARET ONG,MARGARET ONG,47 TABAYOC STREET QUEZON CITY 1102,None,0917-8173213
,MARGTON INTERNATIONAL,MARGTON INTERNATIONAL,7495 Willow St. Brgy. Marcelo Green Paranaque Ciy,Paulette Cui,721-2277
,Maria Socorro Andal ,Maria Socorro Andal ,2926 Mayapis St. UPS 2 Brgy. San Martin De Porres,Maria Andal,
,Marites Pineda,Marites Pineda,22 Xavier St. Green Hills West San Juan City,None,5842033
,Mash Gatmaitan ( Alveo ),Mash Gatmaitan ( Alveo ),728 28 Street Bonifacio Global City Taguig 4th Floor,None,0917-833140
,Mclink Philippines Corp.,Mclink Philippines Corp.,1705 17th floor tycoon center pearl drive Ortigas Center Pasig City,Sheryl Paras,9178532059
,MEDEV Medical Devices Corporation,MEDEV Medical Devices Corporation,"Supercare Medical Services, Inc.573 Patria Bldg., Maria Orosa cor. Engracia Reyes (formerly Arkansas",None,822-6376
,MEDIA POOL INC.,MEDIA POOL INC.,Unit 909 Paragon Plaza 162 Reliance Mandaluyong City,Nerizza Nido,687-0503 loc. 207 Ms. Lyn 221 Jess Sorio Jr
,MEGA FORTRIS PHILS.INC.,MEGA FORTRIS PHILS.INC.,Unit 513 5f peninsula Court 8735 Paseo de Roxas cor. Makati Ave. Makati city,Clarissa,812-8940-acctg. 8128240
,MEKANISMO INC.,MEKANISMO INC.,"Unit 101 Amber Place, NO.67 Bayani Road, Fort Bonifacio, Taguig City",Deborah Sheen Anino,697 2890 / 0926 947 8465/028461878/028461878
,METAFORMATION SYSTEM INC.,METAFORMATION SYSTEM INC.,140 PANGHULO RD. MALABON,None,372-6533/Ms.Jonah
,Metro Combined,Metro Combined,"Carmona, Cavite (On Site)",Heloisa Masculino,847-0914
,Metro Ministries Foundation Inc.,Metro Ministries Foundation Inc.,Lot 7 Block 8 Peter Street Multinational Villa Paranaque CIty,Amor Fuentes,825-9645/541-0040/846-0083
,Metro World Child Foundation Inc.,Metro World Child Foundation Inc.,New Add: 40 Peter Street Multinational Villa Paranaque City,Fuentes Amor,825-9645/541-0040/846-0083
,Microgenetix Incorporated,Microgenetix Incorporated,2f PSME building No. 19 Scout Bayoran Brgy South Triangle Quezon City,Jezzamine Rosario,412-0954/4533769/09062361501
,"Microimaging Sales and Services, Inc.","Microimaging Sales and Services, Inc.","2247 Chino Roces Avenue, Makati City/Kodak Blsg. or Sunny Vale Bldg.",None,NONE
,MICROPRECISSION CALIBRATION,MICROPRECISSION CALIBRATION,"Rm. 602 Common Goal Tower Madrigal Business Park Alabang, Muntinlupa City",Annie Aligato,809-3716 LAGUNA- 0495093015
,MIDAS HOTEL,MIDAS HOTEL,"2702 Roxas Boulevard, Pasay City",Marvin MarquesLim,902-0100
,MIDWIVES FOUNDATION,MIDWIVES FOUNDATION,Unit 724 City LAnd Shaw Tower Cor. St. Francis St. shaw Blvd. Mandaluyong City,Paz Gonzaga,633-8948
,MIGHTY DOVE,MIGHTY DOVE,"Suite 20 Citiland 10 Tower II 154 HV Dela Costa St.,Salcedo Vill.MAkati City",Ms. Ren,553-9594(Acctng. 892-60-34)
,MINT BRAND,MINT BRAND,"18F(Li and Fung) One Corporate Center,Dona Julia Vargas Avenue Corner Meralco Avenue, Ortigas Cente",Lileth Young,Collection: 798-5331(10 & 25 of mo.) 798-5343 MARIZ
,MIRSI,MIRSI,954 Pres.Quirino Ave.cor. San Marcelino St. Malate Manila/ SOUTH,Nene,5273624/5273625 (fax:527-3625)
,MITC INT. MAN POWER SERVICES,MITC INT. MAN POWER SERVICES,Unit 305 PMHA BLDG. EAST AVENUE CORNER VILUNA BRGY. PINYAHAN DILIMAN QC./ SOUTH,Ms. Ann,2811911
,MJ DECOR 888,MJ DECOR 888,"no. 101 19th Ave., San Roque, Cubao, Quezon City/ EAST",Lyn Macampo,932-8888/421-4518SHAMIE
,Molave Trading Inc.,Molave Trading Inc.,"891 Edsa quezon city , Near at seaoil station and red gate./ SOUTH",Gel Almario ,9242223/4110360
,MONTANOSA PASTORAL RESOURCES CORP.,MONTANOSA PASTORAL RESOURCES CORP.,"Porta Vaga Dept.Store., Porta VagaMall Session Road Baguio City",Ms. Dana Lee,0917-8403262
,MOVMENTO,MOVMENTO,"2305 B East Tower Phil. Stock Exchange, Exchange Road, Brgy. San Antonio Ortigas Center, Origas, Pas",Barbi,687-4412 loc 306/ 687-9059 fax
,Mr Emiliano Galvez,Mr Emiliano Galvez,No 30 Olivia Road Pilar Village Las Pinas City,Emiliano Galvez,801-2626
,MRC Allied Industries,MRC Allied Industries,"5/F Eurovilla 4 Bldg., 853 A. Arniz Avenue Makati City",Lanie Villanueva,846-7910
,MS WORLDWIDE,MS WORLDWIDE,"910 West Tower, 9 FLOOR Tektite Bldg.Ortigas , Pasig City/ INSIDE-SOUTH",Francis,NEW 622-8107
,Ms. Christine Ong,Ms. Christine Ong,East Bay Residences tower 2 Km.21 East Service Road cupang muntinlupa,None,219-4733/ 0921-5780861
,Ms. Elvie Garces ,Ms. Elvie Garces ,29th flr. Ayala Land Tower One Ayala Ave. Makati City,None,.
,MS. GIRLIE VARGAS,MS. GIRLIE VARGAS,"Lot 2 Blk 90 Karatig Road,Karangalan Village,Manggahan,Pasig City (Near MHOA)/ OUTSIDE",None,9198995623
,Ms. Mach Gatmaitan,Ms. Mach Gatmaitan,4F Champions M.A Dept. 728 28th St. Bonifacio Global City Taguig,Mach Gatmaitan,0917-8331430
,Ms. Violy Venturanza,Ms. Violy Venturanza,"4425 Via Del Imaculata St.BF Italia 500,BF Resort,Talon 2,Las Pinas City",None,872-0007
,Multitest Electronics Systems Philippines Corpora,Multitest Electronics Systems Philippines Corpora,"Unit 202 Alabang Business Tower Acacia Avenue, Madrigal Business Park Ayala Alabang Muntinlupa",ms.nancy/ms.joy,8093219
,MUSEUM FOUNDATION OF THE PHILIPPINES,MUSEUM FOUNDATION OF THE PHILIPPINES,"G/F Museum of the Filipino Bldg.,Valencia Circle Rizal Ave.Park, Manila/ SOUTH",Elvie Magpayo,404-2685/6979509
,Museum of Contemporary Arts and Design,Museum of Contemporary Arts and Design,College of Saint Benilde School of Design & Arts Bldg .groud floor Dominga St. Pasay City,Mary Ann Peria,230-5100 loc 3897-DAVY
,MVMA INTL. RESOURCES INC.,MVMA INTL. RESOURCES INC.,Unit 411 Tower B Wack wack twin tower wack wack Rd. Mandaluyong City,Marites Santo domingo,531-9827/ 0998-573-4676
,MY HEALTH CLINIC,MY HEALTH CLINIC,3rd Floor Algo Bldg. 162 L.P. Leviste Street Salcedo Village Makati City,Joyce,403-9212/403-9213 FFUP/acctng. 881-64-30 ms joy defensor
,MYZ ALTA MUEBLES ENTERPRISES,MYZ ALTA MUEBLES ENTERPRISES,Unit 77 Sumulong Highway Brgy. Mayamot Antipolo City( Sa Likoran ng SM MASINAG),Ms. Mercy,260-0206/ 0910-5291001
,Nacionale Insurance Solutions,Nacionale Insurance Solutions,LG 58 Cityland Dela Rosa Condominium Inc. 7648 Dela Rosa Street Pio Del Pilar Makati City,Bagui,822-5137-aze
,Nema Electric Company Inc,Nema Electric Company Inc,Nema Center 506 Calbayog St. Brgy Highway Hills Mandaluyong City,Mam Rachelle/elvie,5314714 to 19
,NEST BUILDERS,NEST BUILDERS,#60 Northridge Mansion Condominium Rd.13 Brgy. Bagong Pag-asa Quezon City,Mrs. Kim Leal/Ms Ven,453-4345
,Network Magazine,Network Magazine,"1005 10f Cityland 10 Tower 2 HV Dela Costa St,. Salcedo Village Makati City.",Maritoni,840-0758
,New Alliance Construction Supply,New Alliance Construction Supply,15 edsa bangkal makati city,Henry Chua,8334830
,NICK DAGEN COMPANY,NICK DAGEN COMPANY,7037 Wilson Street Corner Jacinto Pio Del Pilar Makati City,Danilo Sta.Lucia,9189190069
,"NIKE PHILIPPINES, INC.","NIKE PHILIPPINES, INC.","10th flr Marajo Tower 26th west corner 4th Ave. Global City, Taguig City/ INSIDE",Chin Sunaga,588-1201/588-1281
,NOGRALES LAW OFFICES,NOGRALES LAW OFFICES,"22nd Floor, Phil. Stock Exchange Centre West Tower Exchange Road Ortigas Ctr, Pasig/ INSIDE-SOUTH",Jenny Catolico,9892908/CONTACT NO. 636 1079
,North Field,North Field,8 Fil Star Avenue SBIC Tikay Malolos Bulacan,Ms. Anna,none
,NPK MEDICAL TRADING INC.,NPK MEDICAL TRADING INC.,No. 62 Cordillera St. Dona Josefa Quezon City/ SOUTH,None,4166050
,NTRL,NTRL,Alabang Muntinlupa City,None,8888888
,"NuWorks Interactive Labs, Inc.","NuWorks Interactive Labs, Inc.","U3801, 38th Floor, One Corporate Ctr., D Julia Vargas Ave., Ortigas Ctr, Pasig/ INSIDE-SOUTH",Diane Aguila,310-1359
,Nyquist Imaging Systems Inc,Nyquist Imaging Systems Inc,Mezamine Flr. Belkenz Tower No.127 Malakas St. Brgy. Central Diliman Quezon City,Ms.Jojie,434-1142
,"Nyxsys Phils., Inc.","Nyxsys Phils., Inc.","Ground Floor Paragon Plaza Bldg., 162 Edsa Cor., Reliance St., Mandaluyong City",Osmond James Reantaso,687-0503 local- 207 or 213
,ODFJELL PHILS. INC.,ODFJELL PHILS. INC.,"5/F 2315 Atlantis Beacon Tower, Leon Guinto St., Malate, Manila/ SOUTH",Ms. Zyra,NEW- 4055020 loc. 703
,OMNI Printers Ink Inc,OMNI Printers Ink Inc,"8580 C-D Cruz Cmpd.,Brgy. San Isidro Paranaque City",Cherry,807 4613 / 0915-728 1406
,"Omnibus Bio-Medical Systems, Inc","Omnibus Bio-Medical Systems, Inc","4th Floor Wilson Corporate Center 225 Wilson Street, Greenhills, San Juan City",Carissa,722.4607 / 727.1058/FFUP OF CHECK 726-1441 LEONY
,Omnivet Corporation,Omnivet Corporation,2nd Flr. CVM Bldg. Manila East Road Kaytikling Brgy. Dolores Taytay Rizal,Joan Ga,2843367/09324148378
,ONE TOP SYSTEM RESOURCES,ONE TOP SYSTEM RESOURCES,Unit 6A 8101 Pearl Plaza Pearl Drive Ortigas Center Brgy. San Antonio Pasig City,Therese Angeles Liwanag,0930-9765585/392-0124
,One Touch,One Touch,"3rd Floor TOPYS Place Bldg. Economia Street, Bagumbayan Quezon City",Tintin Pin,437 06 80 to 82
,OPEN TEXT (PHILIPPINES) INC. (formerly GXS),OPEN TEXT (PHILIPPINES) INC. (formerly GXS),35th Floor 36th Floor Tower 2 RCBC Plaza 6819 Ayala Avenue corner Sen Gil Puyat Avenue Makati City,Roda Merca,6324622001
,OPTIMAL SYSTEM,OPTIMAL SYSTEM,120 El Rodriguez Ave. Cor. Ortigas Ave. Brgy. Ugong Pasig City,Mr. Rechie/Percy/uni,620-2988 LOC 311
,Orchard Property,Orchard Property,7th Floor Phil. Stock Exchange Center West Tower Ortigas Center Pasig CIty,Roan,0922-8965084/635-4946
,Ove Arup & Partners HK Ltd (Phils. Br.),Ove Arup & Partners HK Ltd (Phils. Br.),4/F Rockwell Business Center ortigas pasig city beside medical City,Christine Dizon,470-6010 COLL:485-8200 (FRIDAY)
,P&A Grant Thornton Outsourcing Inc.,P&A Grant Thornton Outsourcing Inc.,"23/F Tower 1 The Enterprise Center 6766 Ayala Ave., Legaspi Village Brgy. San Lorenzo, Makati City",Manny Luciano,8865511
,Pacific Fumigation Co. Inc.,Pacific Fumigation Co. Inc.,"5461 Osmena Highway corner Boyles St., Makati City",Ms. Donna,889-3224 / 889-5676 / 845-3370
,PACIFIC HUB,PACIFIC HUB,"10/F 409 Shaw Blvd., Mandaluyong City",Weng Belen,634-7444 loc 1035(collection 531-02-90)
,PACIFIC INTER ASIA SATELLITE NETWORK CORP,PACIFIC INTER ASIA SATELLITE NETWORK CORP,1711 LM Guerrero st. cor. gen.malvar malate manila,Ms. Emy,5228603
,PALL(PHILIPPINES) INC.,PALL(PHILIPPINES) INC.,16th Flr. Tower II Insular Life Corporate Center Insular Drive Filinvest Corporate City Alabang Munt,May,853-9503 or 02
,PANAMED PHILIPPINES INC.,PANAMED PHILIPPINES INC.,29th Floor Antel Global Corp. corner J. Vargas Ortigas Center Pasig City,Vhan Alvarez,687 7888 local 752
,Paragon Plaza Condominium Corporation,Paragon Plaza Condominium Corporation,"Ground Floor Paragon Plaza Bldg., 162 Edsa Cor., Reliance St., Mandaluyong City",Irene,6364933
,Parkershot Photography,Parkershot Photography,"Unit 204 Don Raul Bldg., 77 Kamuning Road Quezon City/ SOUTH",Ms.Abi /Jhona,355-9652/0917-5800926 Jonah Sebastian
,PE and J Marketing,PE and J Marketing,"Unit 1617 16/F EDSA Grand Residence,75 Corregidor St. Bagobantay Quezon/ NORTH",Jun Perez,282-4511
,PEB Steel Buildings Co. Ltd.,PEB Steel Buildings Co. Ltd.,"12/F A Place Bldg., Coral Way, MOA Complex, Pasay City",Mr. Anthony Braganza,02-8137684/7680/09178029994
,Petracarbon Pte Ltd (Phil.Representative Office)-,Petracarbon Pte Ltd (Phil.Representative Office)-,Unit 221 Peninsula Court 8735 Paseo de Roxas Makati City,Cherry Vitug,867-1726
,Petrogen Insurance Corp,Petrogen Insurance Corp,"SMC Head Office Corp.F 40 San Miguel Avenue, Mandaluyong City",Ferdie Cabello ,884-9200 loc 200 Collection loc. 49393 (Loc 40928-Col) 40944 fiona
,PHARMASERV EXPRESS INC.,PHARMASERV EXPRESS INC.,"# 22 East avenue, Barangay Pinyahan > Quezon city",Andrian Perez,9175264130/4339000
,Pharos Off-Grid Technologies,Pharos Off-Grid Technologies,2660 Park Ave. Pasay City (Head Office Gateway Center 3F #315 Paseo de Magallanes Makati City)infro,Jenny,8310722/Collection:8518370
,Phil. Arts Events Inc.,Phil. Arts Events Inc.,PHIL ARTS EVENT INC. MEZZANINE C4 LPL CENTER NO.130 LEVISTE STREET SALCEDO MAKATI CITY,Geraldine Araneta,831-0953
,PHIL.BUSINESS for SOCIAL PROGRESS,PHIL.BUSINESS for SOCIAL PROGRESS,"2/F PSDC Bldg., Magallanes Corner Real Street, Intramuros, Manila/ SOUTH",Gerald,527-3749 Sir Ferdie (587-5927) Collection: 527 5987
,PHIL.INTER PHARMA MANILA CO.,PHIL.INTER PHARMA MANILA CO.,"31st Floor Jollibee Plaza Emerald Ave.,Ortigas Center Pasig City/ INSIDE-NORTH",Michelle,NEW NO. 6316914
,PHILAB INDUSTRIES INC.,PHILAB INDUSTRIES INC.,NEW ADDRESS: 8TH FLOOR HANGINE BLDG. 38 ST BONIFACIO GLOBAL CITY TAGUIG,Josie Gracilla,897-0597/890-8278/896-6658
,Philippine Business for the Environment,Philippine Business for the Environment,New Add: 2506 25th flr. Tycoon Tower pearl drive Ortigas Pasig/ INSIDE-SOUTH,Camille,635-2651 / 631-5714/635-3670
,Philippine Desiccants Inc.,Philippine Desiccants Inc.,"#15 Jasmine St., South Green Park, Km.18, Paranaque City/ COLLECTION EVERY FRIDAY",Irish,821-0118/7763152-53/0906-2453931 office mobile TIME FOR COLLECTION 1-4PM
,Philippine General Hospital,Philippine General Hospital,"Blood Bank PGH, Taft Ave. Manila",Angelina Mirasol,None
,Philippine Resources Journal,Philippine Resources Journal,15/F Unit 1515 Cityland 10 Tower 1 6815 Ayala Avenue North Makati City Landmark Likod ng RCBC,Ma. Cecilia Pamular,772-1375/09173081971
,Philippine Stock Exchange Plaza ( PSE ),Philippine Stock Exchange Plaza ( PSE ),3F Ayala Triangle Ayala Avenue Makati City 1226 (Board Secretariat),Ms.Nicole/Ms.Haide,688-7414
,Philippine Tuberculosis Society Inc.,Philippine Tuberculosis Society Inc.,Philippine Tuberculosis Society Inc. Quezon Institute Eulogio Rodriguez Ave. Espana Ext. Quezon City,Ms Agentina,"781-3747, 781-3761-COLLECTION"
,PHILIPPINE WOOD PRODUCERS ASSOC. ,PHILIPPINE WOOD PRODUCERS ASSOC. ,"3F LTA Bldg., 118 Paria Street,Legaspi Village, Makati City",Sir Regie,817-6751FOLLOW UP / 8176885 Mr. Regie
,PHILSHOPPING.COM INC. ,PHILSHOPPING.COM INC. ,"Unit 309 Don Tim Bldg.,5438 Pres.OSmena Hi-way Makati City",None,569-5551/50
,PHIVOLCS,PHIVOLCS,"CP Garcia Avenue UP Diliman Campus, Diliman Quezon City/ NORTH",Gie Gelido,426-1468 142 (137-ACCTNG) LOCAL 139 LOUIE/FAYE ANNE
,PHOEBEN TEOCSON VIDEOGRAPHY,PHOEBEN TEOCSON VIDEOGRAPHY,"# 9 Mangga Road New Manila, Quezon City",Pheoben Teocson,725-1013
,PILIPINAS SHELL FOUNDATION,PILIPINAS SHELL FOUNDATION,"4th Floor Shell House Bldg. Valero Corner Villar Street, Makati City",None,816-6229 (collection follow up 7992 Sir Nike-816-6501
,Pinnacle Real Estate Consulting Svcs Inc.,Pinnacle Real Estate Consulting Svcs Inc.,Unit 107 First Midland Office Condominium Bldg Gamboa S Legaspi Village Makati City,Vanessa Billones,859-1000 new company as pinacle LOC. 1013 LOOK FOR MS rebecca duran
,PITC PHARMA,PITC PHARMA,NDC BLDG 2ND FLOOR 116 TORDICILLAS ST. SALCEDO VILLAGE MAKATI CITY,Allan,840-1123 /840-2680/896-1647
,Plan International Inc.,Plan International Inc.,"4/F Bloomingdale Bldg., #205 Salcedo St., Legaspi Vill., Makati City",Nimfa Lahaylahay,813-0030 to 32
,PLANDOTCOM,PLANDOTCOM,Manila Protection Inc. no.36 Laura Drive 1st Ave. Bagongbayan Taguig/ OUTSIDE,Ms. Rena,0917-596-6511/504-0780
,PNGOC( Philippine NGO Council on Population Health,PNGOC( Philippine NGO Council on Population Health,"Unit 305 Diplomat Condominium Bldg.,Russel Avenue, Roxas Blvd Pasay City( upper of KFC in Baclaran)",Ms.Jenny,852-1898/832-3267/collection 8534345
,POLYTECHNIQUE MANUFACTURING INC,POLYTECHNIQUE MANUFACTURING INC,6039 Palma Street Brgy Poblacion Makati City/ NORTH,Ms. Lita,899-2608 TO 10
,Prebiotech-Warehouse,Prebiotech-Warehouse,"Dr. A Santos Ave., SM BF,BF Homes #193 Concha Cruz Drive, Paranaque City",Jun Sedurifa,772-3629/478-1219
,Prime Global Prints Inc.,Prime Global Prints Inc.,1124 Rodriguez Ave. Bangkal Makati City,Lheen Marcos,8566690/8894036
,Primer International Holdings & Management Inc.,Primer International Holdings & Management Inc.,"Prime Star Center 2282 Leon Guinto Street, Malate,Manila",Danny Suelo,521-5916/303-4030/303-1234 loc2202 or 3101 Loc 321 Alo
,Printsonalities,Printsonalities,"Unit 1 Southway Condominium Mayapis cor. Bakawan Sts., San Antonio Village, Makati/ WEST",Esmie Ricarte,Baich 894-1500- printsonalities 964-31-23
,Proser Health Services Inc.,Proser Health Services Inc.,"Unit 384, 6 floor Rockwell Business Tower 3 Otigas Avenue ( Meralco) Pasig City",Gladys Manansala,835-6862 LOC 222
,Psychconsulting,Psychconsulting,Unit 227 Regalia Towers 150 P Tuazon Boulevard Cubao Quezon City/ EAST,Joy Samudio,4212469/EVERY WEDNESDAY
,"QUALI CENTRAL SOURCING, INC.","QUALI CENTRAL SOURCING, INC.",NO 1 CJ CAPARAS STREET BO UGONG PASIG CITY/ OUTSIDE,Dolly Tolentino,788-1000/ Sir Roger 6717452 local 110 /Warehouse Sir Roy
,Qualicare Pharma Inc.,Qualicare Pharma Inc.,"Unit 801 8th Flr. One Corporate Condominium, Julia Vargas St.,. Ortigas Ave. Pasig/INSIDE-SOUTH",Gelyn,634-4842
,Qualimed pharma,Qualimed pharma,8/F ONE CORPORATE CONDO. JULIA VARGAS ST. ORTIGAS AVE. PASIG CITY,Ms.Geline,634-4842/477-9878 FFUP 687-9108
,Qualiserv Trends & Mktg Corp.,Qualiserv Trends & Mktg Corp.,"GF JM Bldg II, Rockefeller Street cor Pres Osmena Hiway Brgy San Isidro, Makati/ WEST",Lennon Jotojot,885 7334 (Collection:843-3600)
,QUESTCORE,QUESTCORE,8071 ESTRELLA STREET SAN ANTONIO VILLAGE MAKATI CITY,Len  ,899-2384/collection: 896-6924
,QUINTA RADDISON PHILS. INC.,QUINTA RADDISON PHILS. INC.,"Unit 710,7/F Prestige Tower Condm F.Ortigas Jr.Road(Emerald Ave.)Ortigas Ctr/ INSIDE-NORTH",Jennifer Santos,650-1807 / 650-1806 MAM JHEN
,Qzine Marketing,Qzine Marketing,"Qzine Warehouse-Sitio Ruhat, Bgay. Mambugan.Antipolo City (left side sya before JAC Liner, in f",Ms.Rose/ARLENE,858-5841 /follow upMs.Rose-6555841
,Raemuland Lands Inc.,Raemuland Lands Inc.,"Level 37, Joy-Nostalg Center no. 17 ADB Avenue, Ortigas Center Pasig City",Poel Pingol,5708888 loc. 215
,RALCO COMMERCIAL TRADING,RALCO COMMERCIAL TRADING,"S-F Building Cordillera Street., Brgy Dona Aurora Quezon City",Divina Pinlac,0917-3296699/708-7399
,RATH Bone and Co.,RATH Bone and Co.,"17-88 Marian Road 2, Paranaque City",Sir Jerry,823-3042
,RED ANT COURIER,RED ANT COURIER,70 Lanete Rd. Pilar Village Las Pinas City,Frederick Blanco,0917-575-1800/775-0552
,Red Planet Hotel,Red Planet Hotel,Mercado St. Cor Calderon . Brgy Poblacion makati city/ NORTH,Jocelyn Sulabas,"519- 0888 loc. 105-115 RAQUEL108/acctg.loc.106 Ms Nancy: 109, 464-9231-ACCOUNTING 519-0888"
,Regent Asia Group,Regent Asia Group,"35 Calbayog St. J & E Bldg., mandaluyong City",Ms. Neth,534-0194
,Regidor Enterprises,Regidor Enterprises,142 C J. Arellano St. Brgy Tibagan San Juan City,Eva Manio,654-5906
,Remax International Incorporated,Remax International Incorporated,"#18 United Street Kapitolyo, Pasig City",Ms. Gladys,Phone: +63 (2) 687 6923 to 32 loc. 704
,REPUBLIC CHEMICAL INDUSTRIES INC,REPUBLIC CHEMICAL INDUSTRIES INC,127 Progress Avenue Carmelray Industrial Park 1 Canlubang Calamba Laguna,Melanie Norte,488-9999 LOCAL 169
,RESEARCH TRIANGLE INSTITUTE,RESEARCH TRIANGLE INSTITUTE,LOWER PENTHAUSE 3203-3204 TYCOON CTR PEARL DRIVE ORTIGAS PASIG/ INSIDE-SOUTH,Amadeo Gutierrez,7060800 Loc 130
,Respicare,Respicare,Narciso 1 bldg #22 morning star drive Sunville subd. Brgy vasra qc .,Ms.Mara,n/a
,RI CHEMICAL CORPORATION,RI CHEMICAL CORPORATION,"E.Rodriguez Jr. Avenue, Bagong Ilog, Pasig City, Philippines 1600",Margot B. Dinglasa,671.9842
,RICOH PHILS. INC.,RICOH PHILS. INC.,"G/F Oppen Bldg.,Sen. Gil Puyat Avenue Makati City/ NORTH",Jaclyn Lerit,865-9500 new Acctng.local 1216
,Risa Santos-Personal,Risa Santos-Personal,"Phase 1 Block 10 Lot 4 Section 4 Belvedere Towne, Paradahan 1,Tanza, Cavite",Risa Santos,-
,RITM-Virology Department,RITM-Virology Department,"9002 Drive Filinvest Alabang, Muntinlupa City",Leony,807-2628 LOC 605
,RJ Tech,RJ Tech,Warehauz II Peterbelt Compound Veterans Center Western Bicutan Taguig City,NOne,551-1216/0917-5338610/398-5295 MAM TINA
,Rushmore Imports Unlimited Inc.,Rushmore Imports Unlimited Inc.,4378 Montojo St. Brgy. Tejeros Makati City,April Songco,801-4158/890-0385 FFUP MAM PEARL RUSH MORE
,RVA TRADING,RVA TRADING,"1997 M. Reyes Street Corner Macabulos, Bangkal, Makati City",Divina Oro,501-3094/8892159----501-3043 Acctg. 659 0378 Sir Cris/MAM CHE
,SAGITTARIUS MINES INC.,SAGITTARIUS MINES INC.,"New Address: Unit 502 P. Pacific Drive, 5F Five E-com Center Bldg.Pacifiic Drive Extension Mall of A",Mark Williams,NEW CONTACT 856 3023 / 8563021 to 25 loc. 208 for Grace or Reggie
,Sandy Sierra,Sandy Sierra,14 Sta. Lucia Street BF Homes Rio Gardens Homes Las Pinas City,Sandy Sierra,0917-8141562
,SANSHU LG PHILS.,SANSHU LG PHILS.,Unit 6A Westgate Tower Madrigal Business Park Muntinlupa,Mr. Rey,842-6842
,SAS INSTITUTE PHILS.,SAS INSTITUTE PHILS.,21/F Equitable Tower 8741 Paseo De Roxas Makati City/ SALCEDO,Carol,792-2200/2210 (loc 2244)--844-4430 THURSDAY FOLLOW-UP
,SAVE THE CHILDREN,SAVE THE CHILDREN,"Midland Bldg. No.1040 Edsa Magallanes Village, Makati City(beside Premier Bank)/MAGALLANES",Ms. Tess,854-9973 loc.222
,Save the Children ,Save the Children ,Unit 5E New Wealth Properties 3rd Ave. Brgy. Joseph Sitt Bagumbayan Taguig City,None,.
,SAWASDEE MARKETING,SAWASDEE MARKETING,999 Isabel Ave. Governor Pascual Potrero Malabon City,Ms. Cris Ann/Mr. ben,354-6054
,SB PRINT AND PACKAGING,SB PRINT AND PACKAGING,Marian rd. Brgy.San Martin de Porres Paranaque City,Ms.Karen,822-0421/822-9720
,SCIENTIFIC BIOTECH SPECIALTIES INC,SCIENTIFIC BIOTECH SPECIALTIES INC,UNIT 502 METROSTAR BLDG METROPOLITAN AVE BRGY STA CRUZ MAKATI,Hazzel Morales,899 65 57/310-5096 Hazel
,Sea Oil Philippines Inc.,Sea Oil Philippines Inc.,"22F Taiapan Place Bldg. F. Ortigas Jr. Road, Ortigas Center, Pasig City",Arvin Beralde,3971010 Loc 5212 or 5213
,SEA STAR EXPRESS CORP.,SEA STAR EXPRESS CORP.,6th flr. Magsaysay Bldg. Roxas Blvd. Ermita Manila/ SOUTH,Ms. Ethel,522-77-88/COLLECTIONS ELLA 5281591 - 94collection /ELLA follow up ms. ethel
,Seammed Pharma Inc,Seammed Pharma Inc,"#54 A 13th Ave. Brgy. Socorro Murphy, Cubao, Quezon City (near Ali Mall, bet. Main Ave & Liberty Ave",Jen Romano,995-8293
,SEAPINE SHIPPING CORPORATION,SEAPINE SHIPPING CORPORATION,6th Flr. Magsaysay Center 1680 Roxas Blvd. Manila- SOUTH,Ethel,5281591 acct. - ms. ethel (follow-up) COLLECTION EVERY TUESDAY AND FRIDAY
,SEE MANUFACTURING CONTRACTOR,SEE MANUFACTURING CONTRACTOR,"140 Aurora Blvd.,San Juan Metro Manila/Kahilera ng Shell/727-2501/725-5920/744-4217/744-3153/",Mam Mercy/Roxanne,725-5920 MAM FERY OR SHEENAFFUP COLLECTION /fax 744-3153 697-9352-handset /SEE MANUFACTURING 727-25
,Shalom Health Services,Shalom Health Services,Unit 801 Vicente Madrigal Bldg. Ayala Ave. Makati City,Mariz Lopez,4036632
,SHEN-IL,SHEN-IL,"619-4C Chateau Elysee Condominium, Dona Soledad Ave. Ext., Paranaque City",Marian Gadista,839/2943 - 919-0817
,SHERATONE INDUSTRIAL INC.,SHERATONE INDUSTRIAL INC.,"1363 Merced St., Paco, Manila",Chester/ Lysander,275-1800/ 0917-8146258/848 9148
,SHIMADZU PHILS. CORP.,SHIMADZU PHILS. CORP.,"11/F Sun Life Centre, 5th Ave., cor. Rizal Drive, Bonifacio Global City, Taguig/ INSIDE",Mildred,y uy6z (632) 869-9563 (thur.follow-up ms. nancy)
,SHINRYO PHILIPPINES COMPANY INCORPORATED,SHINRYO PHILIPPINES COMPANY INCORPORATED,"4th Floor One Corporate Plaza,845 Arnaiz Ave.,Makati City/ LEGASPI",Marlon,812-0083 (FRI) COLLECTION EVERY 2ND WEEK AND LAST WEEK OF THE MONTH
,Shivlax Corp/ Formerly: RJ TECH,Shivlax Corp/ Formerly: RJ TECH,Warehauz II Peterbelt Compound Veterans Center Western Bicutan Taguig/ OUTSIDE,Emi Tolentino,551-1216/0917-5338610/pldt 398-5295
,Shoppers Guide,Shoppers Guide,"Unit 507 5Flr. Richmond Plaza, San Miguel Ave. Corner Lourdes St. Ortigas Center, Pasig City",Andrea Umali,470-3133/897-4035
,SIMMS COURIER SERVICES,SIMMS COURIER SERVICES,Ground Floor # 175 P.Parada St. Sta Lucia San Juan City- NEW OFFICE,Joyce Bajaro,637-2863/ 0956-6585520
,SIP TECHNOLOGY INC.,SIP TECHNOLOGY INC.,Unit 8 2nd Flr. Susana Arcade Alabang Zapote Road Almansa Las Pinas Near BIR Las Pinas,Yesha,772-3121
,SLS EXPRESS,SLS EXPRESS,4374-A Dayap Street Brgy Palanan Makati City/ WEST,Michelle Monsanto,5527581-Beth
,SMALL BUSINESS CORPORATION,SMALL BUSINESS CORPORATION,"17/F 139 Corporate Center Valero St. Salcedo Vill.,Makati City",Billy Lagaso,751-1888 LOC 2436 (NOTE: EVERY 8-5PM ANG COLLECTION)
,SMILE SYMMETRY,SMILE SYMMETRY,Unit N. 5/F West Gate Tower Condo Investment Drive MBP Ayala Alabang Muntinlupa City,Ms.Ella,772-2892
,SNAP - ON TOOLS,SNAP - ON TOOLS,"2053 Edison St., cor Paraday, 4/F Alscophil Bldg, San Isidro, MAkati City",Cherry Delgado,843-7935
,SONIC STEEL INDUSTRIES INCORPORATED,SONIC STEEL INDUSTRIES INCORPORATED,"10/F BPI Bldg., 560 Quintin Paredes St., Binondo, Manila/ NORTH",Ms.Mel / Ms.Faye,Follow up 241-92-51/58
,SOUTH PACIFIC CHEMICAL IND.INC,SOUTH PACIFIC CHEMICAL IND.INC,"G/F LPL Tower 112 Legaspi St.,Legaspi village Makati City",Nisa Ravillo,817-1586
,STAFF RIGHT SOLUTION ,STAFF RIGHT SOLUTION ,Unit 309 Peninsula court bldg.Makati ave cor Paseo de Roxas Makati city/ SALCEDO,Sigrid Santos,750 45 21/(Acctg: 750-4630)
,STEEL TECH,STEEL TECH,"11th and 12th Floors, BPI Bldg., Quintin Paredes St., Binondo, Manila/North",Ms. Fhey,567-3668 to 79 ----/Ms. Faye 2/F
,STEPAN PHILIPPINES QUATERNARIES INC,STEPAN PHILIPPINES QUATERNARIES INC,"17F TOWER2 INSULAR LIFE CORPORATE CENTER,INSULAR LIFE DRIVE FILINVEST CORPORATE CITY ALABANG MUNTINL",Let/Joan,740-4100 / 842-9751 coll 842-1452 (fri) ACCTG:(043) 727-2888
,Stephen Lim/ ALVEO,Stephen Lim/ ALVEO,"4F Alveo Tower Bonifacio High st., Global City Taguig",Stephen Lim,798-6840/798-6835
,Stephen Rau,Stephen Rau,"Unt 30i Bellagio Burgos Circle Bonifacio Global City, Taguig City",Stephen Rau,none
,STRATEGIC EDGE,STRATEGIC EDGE,"5th Floor Emmanuel House 115 Aguirre St.,Legaspi Vill.Makati City",May,892-0247/815-2247
,SUCCESS INTL. PLACEMENT INC.,SUCCESS INTL. PLACEMENT INC.,"No.8 M. Llanera Street,Bangkal,Makati City/ BANGKAL",Berly Taclindo,8841987
,Suntra International Trading Co. Ltd.,Suntra International Trading Co. Ltd.,Rm. 604 BPI Bldg. Plaza Cervantes Binondo Manila. (In front of Metrobank and Philtrust bank),Malou Avila,242-1045
,Super Serve Corporation,Super Serve Corporation,"18 Mother Ignacia Avenue,Barangay Paligsahan,Quezon City/ SOUTH",Elena,332-1330 /Fax: 332-1266
,Susan Marasigan,Susan Marasigan,"Unit 1101 Tower 3, Grass Residences, corner Misamis St., Brgy. Sto. Cristo, Quezon City",None,710-9084
,Taipei Economic Cultural Office,Taipei Economic Cultural Office,"41F RCBC Plaza,Makati City",Alice Chiu,8876688 loc. 140-Ms. Alice & loc141 ms abby
,TALENT 2 HRBPO CORP.,TALENT 2 HRBPO CORP.,"7th Flr., Techno Plaza 2 Bldg., Eastwood City Libis Quezon City/ EAST",Pinky Recarte,663-2344
,TANGERINE,TANGERINE,21 Marilag St. UP Village Diliman Quezon City,Josephine Berdan,9216434/09178592159
,Tansiongkun,Tansiongkun,New Address: Unit 16 Silvana Townhomes 304 P.Guevarra St.San Juan City,None,722-1985/415-6250
,Target Display,Target Display,"4th Floor Ricojen Building 112 Aguirre St. Legaspi Village, Makati City",Tracy,891-3607 loc. 105-coll.every tue 2-4 pm
,Target Display- WAREHOUSE,Target Display- WAREHOUSE,Taguig Bicutan / unit 12B Teresita Drive Tanyag Bicutan landmark malapit sa waltermark bicutan,Ms. Dana Hernandez,891-3607 loc. 223-coll.every tue 2-4 pm
,TASCO INC.,TASCO INC.,#70 20th Avenue. Proj. 4 Quezon City/ EAST,Pearl Joy Tablatin,911-8891 loc. 111
,TAW & ASSOCIATES,TAW & ASSOCIATES,"1002 4th Legend Tower 3rd Ave.,cor. 31st St.Bonifacio Global City Taguig",Mam Janet,403 1686
,TECHNISTOCK PHILS. INC.,TECHNISTOCK PHILS. INC.,"U302 Taipan Place Emerald Ave.,Ortigas Center Pasig City/ INSIDE-NORTH",Trixie,914-7104/9108800 910-8800
,Technomarine Enterprises Inc.,Technomarine Enterprises Inc.,Unit 2501-2505 25flr. One Corporate Julia Vargas Cor. Meralco Ortigas Pasig City,None,6870322 local 113 ms krizza loc. 123 treasury/6873172 (FRI) Acctg:637-3172 LOOK SA KRIZZA Loc. 112
,TECHNOMED INTERNATIONAL INCORPORATED,TECHNOMED INTERNATIONAL INCORPORATED,"4th Floor Medecor Building,Ortigas Avenue San Juan",Nette Pangalinan,721-1320/722-8646 MR EMERSON 721-1860/744 8646
,Teco,Teco,41 F RCBC Plaza Makati City,Ms. Alice,8876688 loc. 140-Ms. Alice & loc141 ms abby
,TELIGENT SYSTEM INC.,TELIGENT SYSTEM INC.,3/F Maripola Bldg. 109 Perea St. Legaspi Vill. Makati City,Florence Palma,813-9051/ 411-4548- MS. MARICON
,TERESA SIERRA- NEW,TERESA SIERRA- NEW,B8 L13 #13 Lapaz St BF Rio Garden Home Las Pinas City/ Near Southland Exit,Teresa Sierra,0917-8389680/ 577-2617
,TERUMO MARKETING Phils.,TERUMO MARKETING Phils.,"Unit 3203 A-B, West Tower, Philp Stock Exchange Ctr, Exchange Rd, Ortigas Avenue, Pasig/ INSIDE-SOUT",Ms. Judie Laporga,632-1675/ 0920-9748813- ms. Judie
,THE ASSOCIATED PRESS,THE ASSOCIATED PRESS,5th Floor Diamond Hotel Roxas Blvd. Ermita Manila,Sir Rey Maceda,525-9217/521-2430
,THE EXPRESS GUY-Caberdax Services Inc,THE EXPRESS GUY-Caberdax Services Inc,"BASEMENT ONGPAUCO SISTERS BUILDING, P GUEVARRA CORNER WILSON STREETS, SAN JUAN CITY",None,239 2824
,The Farm at San Benito,The Farm at San Benito,Shop 12 G/F Peninsula Manila cor. Makati ave and ayala ave. Makati City,Jilly Mallarie,884-8073
,THE MEDICAL CITY,THE MEDICAL CITY,14th flr. 14B Nursing Tower Product Marketing Dept. Ortigas Avenue Pasig City/ SAN JUAN AREA,,635-6789 LOC 6203 (Loc.6516) FFUP VIA BDO - 470-9661
,THE OILY LIFE,THE OILY LIFE,"#23 Paraguay St., Better Living, Paranaque City",Isabel Reynon,0917-3015545
,Thomas Cowan & Co. Inc.,Thomas Cowan & Co. Inc.,2nd flr. Rose Industries Bldg. 11 Pioneer St. Pasig city,Gera Abrian,6313563 NORIE/634-7262 FFUP
,TOBYS SPORTS,TOBYS SPORTS,Lot 1 & 2-A Good Harvest Complex C. Raymundo brgy.Caniogan Pasig/ OUTSIDE,Liezl,TRUNKLINE-651-777/651-7741 follow up loc 810 accntng / 651-7777 loc. 840 MONDAY AND WEDNESDAY
,Topnotch Marketing Solutions Inc.,Topnotch Marketing Solutions Inc.,New Add: 5M-A11. 5th Mezzanine victoria station 1 GMA Kamuning EDSA Q.C- SOUTH,Chris Galang,NEW: 625-9591/2391274
,Touch Media,Touch Media,UNIT 1602 A. WEST TOWER PSE ORTIGAS CENTER PASIG CITY,Henry Dayaon,217-8452/6871681/667-3875
,TRANS-TECH PHILS. SYSTEMS CORP.,TRANS-TECH PHILS. SYSTEMS CORP.,New Add: Unit 2204 Tower 1 Entrata Urban Complex 2609 Civic Drive Filinvest City Alabang Muntinlupa,Janela,8079449/7722705/8071627
,TRIGLOBE,TRIGLOBE,"3RD FLOOR G101 BLDG # 2 Mindanao Ave. Ext. Tandang Sora, Quezon City",Ms.Mean,983-4119
,TRIGOLD SECURITY/TRIBOLT,TRIGOLD SECURITY/TRIBOLT,"5/F A&N Bldg. 9694 Kamagong St., cor. St. Paul, San Antonio Makati/ WEST",Joan,478-9755 / 478-9733/0998-5370437
,TRION TRADE INC.,TRION TRADE INC.,"whse 19 anaconda compound. 16 evangelista st. santolan, pasig city.",Sir Garry Sales,576-3631
,TRITAN VENTURES,TRITAN VENTURES,3/F Tritan Plaza Paseo de Magallanes Makati City/ MAGALLANES,Alma Esparago,854-2139
,"UNIGLOBE TRAVELWARE CO.,INC.","UNIGLOBE TRAVELWARE CO.,INC.","Prime Star Center 2282 Leon Guinto Street Malate, Manila",None,303-1234
,UNION INK AND GRAPHICS PHILS.INC.,UNION INK AND GRAPHICS PHILS.INC.,Warehouse E. Dona Irenea St.Ireneville Subd. Dr.A. Santos Ave.Paranaque City,Rose Marcelo,0925-882-9107
,UNISAFE INDUSTRIAL CO.INC.,UNISAFE INDUSTRIAL CO.INC.,346 Maysilo circle boni ave.Mandaluyong,None,531-9013/706-6320
,UNISON COMPUTER,UNISON COMPUTER,"120 E. Rodriguez Jr. Ave.,cor. Ortigas Avenue,Ugong Pasig City/ OUTSIDE",Ana Perez,new truckline 631-5581 620-2977 loc. 304 Bing LOC 311 ACCTNG.
,UNITED ALL WORLD,UNITED ALL WORLD,Rm. 203 Cattleya Condo. 235 Salcedo St. Legaspi Village Makati City,Cristy,813-7388/813-4647
,UNITED EVANGELICAL CHURCH OF GREENHILLS,UNITED EVANGELICAL CHURCH OF GREENHILLS,"No. 18 J. De Mesa St.,Little Baguio San Juan",None,721-8499/956-1532
,UNITED HARVEST CORPORATION,UNITED HARVEST CORPORATION,9th Floor Liberty Center H. V. dela Costa Street Salcedo Village Makati City,Jeffrey Ignacio,886-3362
,United Steel Tech Corp.,United Steel Tech Corp.,11 and 12/F BPI Bldg. 560 Quintin Paredes St. Binondo Manila,Ms.Fhaye,567-3668/09178338731
,VEL PRINT CORPORATION,VEL PRINT CORPORATION,688-E ROAD 1 OLD BALARA QUEZON CITY,Mr. Allan,9328698 press 25 for acctg./MICHELLE
,VENTURE FIVE APPARELL MFG. INC.,VENTURE FIVE APPARELL MFG. INC.,"1470 Santo Tomas Purok 2, Sto Tomas, Binan, Laguna(near NAPOCOR and La Consolacion College)",Lolit Malinao,868-1416
,VIATXT CORPORATION,VIATXT CORPORATION,"Unit 302 Taipan Place Emerald Avenue,Ortigas Center Pasig City",Ms. Tina,910-8800
,Vinox Corporation,Vinox Corporation,Block 5 Phase 2 Cavite EPZA Rosario Cavite,Ms. Hilda Siongco,046-4372995
,VINTAGE DENTAL LABORATORY,VINTAGE DENTAL LABORATORY,No. 9 Monserrat Street Morning Breeza Kalookan City,Eric Chavez,0919-2843870/330-76-33
,Visayan Agency,Visayan Agency,Room 218 Phoenix building cabildo st. corner recoletus st. intramuras manila/SOUTH,Joan,734-4948
,Viva Communication Pay TV,Viva Communication Pay TV,7th Floor East Tower PSE Center Pasig City,None,viva 687-5853- LOC 610 COLLECTION/ 6385463-64
,VIVA ENTERTAINMENT/VIDEO CITY,VIVA ENTERTAINMENT/VIDEO CITY,7th Floor East Tower PSE Center Pasig City,Al Fajarillo,687-6181/truck line 687-58-53-56marylyn loc 615 acctng/loc614
,VL INFINITY,VL INFINITY,6750 BUILDING 17TH FLOOR AYALA AVE. MAKATI CITY,Claire Medina,9157275496
,VONDESHER BUILDERS INCORPORATED,VONDESHER BUILDERS INCORPORATED,"No. 60 Esteban Street., Brgy Highway Hills Mandaluyong City.",John,9988627963
,VTECH PACKAGING MATERIALS CO.,VTECH PACKAGING MATERIALS CO.,"Paliparan II, DAsmarinas City. Cavite",None,none
,VTT CORPORATION,VTT CORPORATION,52B DAPITAN ST.BRGY. STA. TERESITA QUEZON CITY WAREHOUSE,John Mark Tan,.7414-133/ 0907-860-4362
,WAGEMARK CORPORATION,WAGEMARK CORPORATION,"Ezential Corp.Unit 201 Jocfer Bldg..Commonwealth Avenue,Quezon City/Ezential Corp. Unit 207 Level 2",Ms.Bunny,346-1538/3559281 (Collection: 3559281)
,WEB PROVIDER DEV.PROS.INC,WEB PROVIDER DEV.PROS.INC,1106 PAragon Plaza Condo Reliance Street Mandaluyong City,Donna,706-4283
,Wellness Depot,Wellness Depot,"Unit 26 Borough Square,San Antonio Valley 1,Sucat Paranaque City",Anna Almoro,093551792121/796-5892
,WHEELS CITY INC.,WHEELS CITY INC.,"1760 A Ave Ctr. Bldg.,Dian St. Brgy. Palanan Makati City",Lira Fuentes,659-1139
,Whiteport Inc.,Whiteport Inc.,Shaw Blvd.Mandaluyong City,Marvic Jallores,0922-2885430
,WIN Radio/Progressive Broadcasting,WIN Radio/Progressive Broadcasting,New Add:40th Flr. Summit 1 Bldg.530 Shaw Blvd Mandaluyong,Ms. Vee,2399436/6612540
,Wipro BPO Phils. Ltd. Inc.,Wipro BPO Phils. Ltd. Inc.,Archbishop Avenue and Mindanao St. Cebu City,Aileen Aguilar,0
,witty gekko inc./ formerly: Arianne Business Cente,witty gekko inc./ formerly: Arianne Business Cente,"Unit G, 32 South Star Plza Bldg., Brgy. Bangkal, Makati City",Jessica,832-6285/09108753847
,Wonderpark Amusement Corporation,Wonderpark Amusement Corporation,"Unit 807 8th Floor ALPAP II Building, Trade St, cor Investment Drive, Madrigal Business Park Ayala A",Chariz Austria,850-8934 / 809-3925
,Wontex Trading Company,Wontex Trading Company,"Gate 2 Karangalan Vil., Felix Ave., Cainta,Rizal ( opposite street Karangalan Pasig) beside Union Ba",Ms Chona/Ms Flor,681-8708/514-1753
,WORDTEXT SYSTEMS INC,WORDTEXT SYSTEMS INC,"WSI Corporate Center 1005 Metro Politan Ave., Cor.Kakarong St., Brgy. Sta. Cruz Makati City .",Irish Devera,"858-5555 loc.571 Ms.Ana Jocson ,,,loc.557 Acctg: 535"
,WORLD FOOD PROGRAMME,WORLD FOOD PROGRAMME,"17/F RCBC Savings Bank Corporate Center, 26th & 25th Streets Bonifacio Global City Taguig",None,823-1485 / 833-6229
,Worldwide Apparel Mfg. Inc.,Worldwide Apparel Mfg. Inc.,San Miguel Compound Amante St. Brgy. Landayan San Pedro Laguna,Roshel,808-2088/09178808048
,WPG ELECTRONICS PHILS. INC,WPG ELECTRONICS PHILS. INC,"U-501 Richville Corp. Center, #1314 Commerce Ave., Ext., Alabang, Muntinlupa City",Ms. Nelissa,842-1572
,XYNGULAR/ Formerly: Symmetry,XYNGULAR/ Formerly: Symmetry,"G/F Seddco Bldg. Rada St.Legaspi Village, Makati City",Ron,750-0373 Loc. 406(Acctg:506)Fax No. 892-5588
,YMC INTERNATIONAL MANPOWER,YMC INTERNATIONAL MANPOWER,"Unit 13 Dona Salud Bldg. 1711 A. Linao St., Paco, Manila",None,522-8596
,YUNDO INC,YUNDO INC,"Lower Penthouse Panorama Tower, 34th Street Corner Lane A, Bonifacio Global City Taguig",Vienna Orlino,847-2732
,YUNGSHIN PHILS.,YUNGSHIN PHILS.,"4F Catcho Gonzales Bldg.,101 Aguirre St.,Legaspi Village Makati City",Cristel,892-8670
,Zafire Distribution Inc,Zafire Distribution Inc,49 Examiner Street West Triangle Quezon City ? (02) 925 0500,Ms.Baby Parreno,925 0500
,ZAGRO CORPORATION,ZAGRO CORPORATION,"7/F Raja Sulayman Bldg. 108 Benavidez St. Legaspi Village, Makati City",Ivan Limuco,810-1340 loc 116
,Zakk Bills Payment,Zakk Bills Payment,"NO. 4 M. Jimenez St., Kalawaan, Pasig City",Oliver Aviles,09420459599 / 09166586670
,"ZAMIL STEEL VIETNAM CO.,LTD.","ZAMIL STEEL VIETNAM CO.,LTD.",121 Valero St. unit 706 7th floor Antel 2000 Corporate Center Salcedo Village Makati City,Tess,867-2504 payment 1st a month only.
,Zija,Zija,Unit 418 AIC Burgundy Tower ADB cor. Saphire St. Ortigas Center Pasig City,Ramir Valenzuela,0917-9192000/ 696-7205
,ZUELLIG PHARMA,ZUELLIG PHARMA,"Km.14 West Service Rd,South Superhighway cor. Edison Ave., Sun Valley Paranaque City",Mrs. Tinsay,908-2222 loc 533
